[{"state_abb":"AL","year":"2000","population":4452173},{"state_abb":"AK","year":"2000","population":627963},{"state_abb":"AZ","year":"2000","population":5160586},{"state_abb":"AR","year":"2000","population":2678588},{"state_abb":"CA","year":"2000","population":33987977},{"state_abb":"CO","year":"2000","population":4326921},{"state_abb":"CT","year":"2000","population":3411777},{"state_abb":"DE","year":"2000","population":786373},{"state_abb":"DC","year":"2000","population":572046},{"state_abb":"FL","year":"2000","population":16047515},{"state_abb":"GA","year":"2000","population":8227303},{"state_abb":"HI","year":"2000","population":1213519},{"state_abb":"ID","year":"2000","population":1299430},{"state_abb":"IL","year":"2000","population":12434161},{"state_abb":"IN","year":"2000","population":6091866},{"state_abb":"IA","year":"2000","population":2929067},{"state_abb":"KS","year":"2000","population":2693681},{"state_abb":"KY","year":"2000","population":4049021},{"state_abb":"LA","year":"2000","population":4471885},{"state_abb":"ME","year":"2000","population":1277072},{"state_abb":"MD","year":"2000","population":5311034},{"state_abb":"MA","year":"2000","population":6361104},{"state_abb":"MI","year":"2000","population":9952450},{"state_abb":"MN","year":"2000","population":4933692},{"state_abb":"MS","year":"2000","population":2848353},{"state_abb":"MO","year":"2000","population":5607285},{"state_abb":"MT","year":"2000","population":903773},{"state_abb":"NE","year":"2000","population":1713820},{"state_abb":"NV","year":"2000","population":2018741},{"state_abb":"NH","year":"2000","population":1239882},{"state_abb":"NJ","year":"2000","population":8430621},{"state_abb":"NM","year":"2000","population":1821204},{"state_abb":"NY","year":"2000","population":19001780},{"state_abb":"NC","year":"2000","population":8081614},{"state_abb":"ND","year":"2000","population":642023},{"state_abb":"OH","year":"2000","population":11363543},{"state_abb":"OK","year":"2000","population":3454365},{"state_abb":"OR","year":"2000","population":3429708},{"state_abb":"PA","year":"2000","population":12284173},{"state_abb":"RI","year":"2000","population":1050268},{"state_abb":"SC","year":"2000","population":4024223},{"state_abb":"SD","year":"2000","population":755844},{"state_abb":"TN","year":"2000","population":5703719},{"state_abb":"TX","year":"2000","population":20944499},{"state_abb":"UT","year":"2000","population":2244502},{"state_abb":"VT","year":"2000","population":609618},{"state_abb":"VA","year":"2000","population":7105817},{"state_abb":"WA","year":"2000","population":5910512},{"state_abb":"WV","year":"2000","population":1807021},{"state_abb":"WI","year":"2000","population":5373999},{"state_abb":"WY","year":"2000","population":494300},{"state_abb":"AL","year":"2001","population":4467634},{"state_abb":"AK","year":"2001","population":633714},{"state_abb":"AZ","year":"2001","population":5273477},{"state_abb":"AR","year":"2001","population":2691571},{"state_abb":"CA","year":"2001","population":34479458},{"state_abb":"CO","year":"2001","population":4425687},{"state_abb":"CT","year":"2001","population":3432835},{"state_abb":"DE","year":"2001","population":795699},{"state_abb":"DC","year":"2001","population":574504},{"state_abb":"FL","year":"2001","population":16356966},{"state_abb":"GA","year":"2001","population":8377038},{"state_abb":"HI","year":"2001","population":1225948},{"state_abb":"ID","year":"2001","population":1319962},{"state_abb":"IL","year":"2001","population":12488445},{"state_abb":"IN","year":"2001","population":6127760},{"state_abb":"IA","year":"2001","population":2931997},{"state_abb":"KS","year":"2001","population":2702162},{"state_abb":"KY","year":"2001","population":4068132},{"state_abb":"LA","year":"2001","population":4477875},{"state_abb":"ME","year":"2001","population":1285692},{"state_abb":"MD","year":"2001","population":5374691},{"state_abb":"MA","year":"2001","population":6397634},{"state_abb":"MI","year":"2001","population":9991120},{"state_abb":"MN","year":"2001","population":4982796},{"state_abb":"MS","year":"2001","population":2852994},{"state_abb":"MO","year":"2001","population":5641142},{"state_abb":"MT","year":"2001","population":906961},{"state_abb":"NE","year":"2001","population":1719836},{"state_abb":"NV","year":"2001","population":2098399},{"state_abb":"NH","year":"2001","population":1255517},{"state_abb":"NJ","year":"2001","population":8492671},{"state_abb":"NM","year":"2001","population":1831690},{"state_abb":"NY","year":"2001","population":19082838},{"state_abb":"NC","year":"2001","population":8210122},{"state_abb":"ND","year":"2001","population":639062},{"state_abb":"OH","year":"2001","population":11387404},{"state_abb":"OK","year":"2001","population":3467100},{"state_abb":"OR","year":"2001","population":3467937},{"state_abb":"PA","year":"2001","population":12298970},{"state_abb":"RI","year":"2001","population":1057142},{"state_abb":"SC","year":"2001","population":4064995},{"state_abb":"SD","year":"2001","population":757972},{"state_abb":"TN","year":"2001","population":5750789},{"state_abb":"TX","year":"2001","population":21319622},{"state_abb":"UT","year":"2001","population":2283715},{"state_abb":"VT","year":"2001","population":612223},{"state_abb":"VA","year":"2001","population":7198362},{"state_abb":"WA","year":"2001","population":5985722},{"state_abb":"WV","year":"2001","population":1801481},{"state_abb":"WI","year":"2001","population":5406835},{"state_abb":"WY","year":"2001","population":494657},{"state_abb":"AL","year":"2002","population":4480089},{"state_abb":"AK","year":"2002","population":642337},{"state_abb":"AZ","year":"2002","population":5396255},{"state_abb":"AR","year":"2002","population":2705927},{"state_abb":"CA","year":"2002","population":34871843},{"state_abb":"CO","year":"2002","population":4490406},{"state_abb":"CT","year":"2002","population":3458749},{"state_abb":"DE","year":"2002","population":806169},{"state_abb":"DC","year":"2002","population":573158},{"state_abb":"FL","year":"2002","population":16689370},{"state_abb":"GA","year":"2002","population":8508256},{"state_abb":"HI","year":"2002","population":1239613},{"state_abb":"ID","year":"2002","population":1340372},{"state_abb":"IL","year":"2002","population":12525556},{"state_abb":"IN","year":"2002","population":6155967},{"state_abb":"IA","year":"2002","population":2934234},{"state_abb":"KS","year":"2002","population":2713535},{"state_abb":"KY","year":"2002","population":4089875},{"state_abb":"LA","year":"2002","population":4497267},{"state_abb":"ME","year":"2002","population":1295960},{"state_abb":"MD","year":"2002","population":5440389},{"state_abb":"MA","year":"2002","population":6417206},{"state_abb":"MI","year":"2002","population":10015710},{"state_abb":"MN","year":"2002","population":5018935},{"state_abb":"MS","year":"2002","population":2858681},{"state_abb":"MO","year":"2002","population":5674825},{"state_abb":"MT","year":"2002","population":911667},{"state_abb":"NE","year":"2002","population":1728292},{"state_abb":"NV","year":"2002","population":2173791},{"state_abb":"NH","year":"2002","population":1269089},{"state_abb":"NJ","year":"2002","population":8552643},{"state_abb":"NM","year":"2002","population":1855309},{"state_abb":"NY","year":"2002","population":19137800},{"state_abb":"NC","year":"2002","population":8326201},{"state_abb":"ND","year":"2002","population":638168},{"state_abb":"OH","year":"2002","population":11407889},{"state_abb":"OK","year":"2002","population":3489080},{"state_abb":"OR","year":"2002","population":3513424},{"state_abb":"PA","year":"2002","population":12331031},{"state_abb":"RI","year":"2002","population":1065995},{"state_abb":"SC","year":"2002","population":4107795},{"state_abb":"SD","year":"2002","population":760020},{"state_abb":"TN","year":"2002","population":5795918},{"state_abb":"TX","year":"2002","population":21690325},{"state_abb":"UT","year":"2002","population":2324815},{"state_abb":"VT","year":"2002","population":615442},{"state_abb":"VA","year":"2002","population":7286873},{"state_abb":"WA","year":"2002","population":6052349},{"state_abb":"WV","year":"2002","population":1805414},{"state_abb":"WI","year":"2002","population":5445162},{"state_abb":"WY","year":"2002","population":500017},{"state_abb":"AL","year":"2003","population":4503491},{"state_abb":"AK","year":"2003","population":648414},{"state_abb":"AZ","year":"2003","population":5510364},{"state_abb":"AR","year":"2003","population":2724816},{"state_abb":"CA","year":"2003","population":35253159},{"state_abb":"CO","year":"2003","population":4528732},{"state_abb":"CT","year":"2003","population":3484336},{"state_abb":"DE","year":"2003","population":818003},{"state_abb":"DC","year":"2003","population":568502},{"state_abb":"FL","year":"2003","population":17004085},{"state_abb":"GA","year":"2003","population":8622793},{"state_abb":"HI","year":"2003","population":1251154},{"state_abb":"ID","year":"2003","population":1363380},{"state_abb":"IL","year":"2003","population":12556006},{"state_abb":"IN","year":"2003","population":6196638},{"state_abb":"IA","year":"2003","population":2941999},{"state_abb":"KS","year":"2003","population":2723004},{"state_abb":"KY","year":"2003","population":4117170},{"state_abb":"LA","year":"2003","population":4521042},{"state_abb":"ME","year":"2003","population":1306513},{"state_abb":"MD","year":"2003","population":5496269},{"state_abb":"MA","year":"2003","population":6422565},{"state_abb":"MI","year":"2003","population":10041152},{"state_abb":"MN","year":"2003","population":5053572},{"state_abb":"MS","year":"2003","population":2868312},{"state_abb":"MO","year":"2003","population":5709403},{"state_abb":"MT","year":"2003","population":919630},{"state_abb":"NE","year":"2003","population":1738643},{"state_abb":"NV","year":"2003","population":2248850},{"state_abb":"NH","year":"2003","population":1279840},{"state_abb":"NJ","year":"2003","population":8601402},{"state_abb":"NM","year":"2003","population":1877574},{"state_abb":"NY","year":"2003","population":19175939},{"state_abb":"NC","year":"2003","population":8422501},{"state_abb":"ND","year":"2003","population":638817},{"state_abb":"OH","year":"2003","population":11434788},{"state_abb":"OK","year":"2003","population":3504892},{"state_abb":"OR","year":"2003","population":3547376},{"state_abb":"PA","year":"2003","population":12374658},{"state_abb":"RI","year":"2003","population":1071342},{"state_abb":"SC","year":"2003","population":4150297},{"state_abb":"SD","year":"2003","population":763729},{"state_abb":"TN","year":"2003","population":5847812},{"state_abb":"TX","year":"2003","population":22030931},{"state_abb":"UT","year":"2003","population":2360137},{"state_abb":"VT","year":"2003","population":617858},{"state_abb":"VA","year":"2003","population":7366977},{"state_abb":"WA","year":"2003","population":6104115},{"state_abb":"WV","year":"2003","population":1812295},{"state_abb":"WI","year":"2003","population":5479203},{"state_abb":"WY","year":"2003","population":503453},{"state_abb":"AL","year":"2004","population":4530729},{"state_abb":"AK","year":"2004","population":659286},{"state_abb":"AZ","year":"2004","population":5652404},{"state_abb":"AR","year":"2004","population":2749686},{"state_abb":"CA","year":"2004","population":35574576},{"state_abb":"CO","year":"2004","population":4575013},{"state_abb":"CT","year":"2004","population":3496094},{"state_abb":"DE","year":"2004","population":830803},{"state_abb":"DC","year":"2004","population":567754},{"state_abb":"FL","year":"2004","population":17415318},{"state_abb":"GA","year":"2004","population":8769252},{"state_abb":"HI","year":"2004","population":1273569},{"state_abb":"ID","year":"2004","population":1391802},{"state_abb":"IL","year":"2004","population":12589773},{"state_abb":"IN","year":"2004","population":6233007},{"state_abb":"IA","year":"2004","population":2953635},{"state_abb":"KS","year":"2004","population":2734373},{"state_abb":"KY","year":"2004","population":4146101},{"state_abb":"LA","year":"2004","population":4552238},{"state_abb":"ME","year":"2004","population":1313688},{"state_abb":"MD","year":"2004","population":5546935},{"state_abb":"MA","year":"2004","population":6412281},{"state_abb":"MI","year":"2004","population":10055315},{"state_abb":"MN","year":"2004","population":5087713},{"state_abb":"MS","year":"2004","population":2889010},{"state_abb":"MO","year":"2004","population":5747741},{"state_abb":"MT","year":"2004","population":930009},{"state_abb":"NE","year":"2004","population":1749370},{"state_abb":"NV","year":"2004","population":2346222},{"state_abb":"NH","year":"2004","population":1290121},{"state_abb":"NJ","year":"2004","population":8634561},{"state_abb":"NM","year":"2004","population":1903808},{"state_abb":"NY","year":"2004","population":19171567},{"state_abb":"NC","year":"2004","population":8553152},{"state_abb":"ND","year":"2004","population":644705},{"state_abb":"OH","year":"2004","population":11452251},{"state_abb":"OK","year":"2004","population":3525233},{"state_abb":"OR","year":"2004","population":3569463},{"state_abb":"PA","year":"2004","population":12410722},{"state_abb":"RI","year":"2004","population":1074579},{"state_abb":"SC","year":"2004","population":4210921},{"state_abb":"SD","year":"2004","population":770396},{"state_abb":"TN","year":"2004","population":5910809},{"state_abb":"TX","year":"2004","population":22394023},{"state_abb":"UT","year":"2004","population":2401580},{"state_abb":"VT","year":"2004","population":619920},{"state_abb":"VA","year":"2004","population":7475575},{"state_abb":"WA","year":"2004","population":6178645},{"state_abb":"WV","year":"2004","population":1816438},{"state_abb":"WI","year":"2004","population":5514026},{"state_abb":"WY","year":"2004","population":509106},{"state_abb":"AL","year":"2005","population":4569805},{"state_abb":"AK","year":"2005","population":666946},{"state_abb":"AZ","year":"2005","population":5839077},{"state_abb":"AR","year":"2005","population":2781097},{"state_abb":"CA","year":"2005","population":35827943},{"state_abb":"CO","year":"2005","population":4631888},{"state_abb":"CT","year":"2005","population":3506956},{"state_abb":"DE","year":"2005","population":845150},{"state_abb":"DC","year":"2005","population":567136},{"state_abb":"FL","year":"2005","population":17842038},{"state_abb":"GA","year":"2005","population":8925922},{"state_abb":"HI","year":"2005","population":1292729},{"state_abb":"ID","year":"2005","population":1428241},{"state_abb":"IL","year":"2005","population":12609903},{"state_abb":"IN","year":"2005","population":6278616},{"state_abb":"IA","year":"2005","population":2964454},{"state_abb":"KS","year":"2005","population":2745299},{"state_abb":"KY","year":"2005","population":4182742},{"state_abb":"LA","year":"2005","population":4576628},{"state_abb":"ME","year":"2005","population":1318787},{"state_abb":"MD","year":"2005","population":5592379},{"state_abb":"MA","year":"2005","population":6403290},{"state_abb":"MI","year":"2005","population":10051137},{"state_abb":"MN","year":"2005","population":5119598},{"state_abb":"MS","year":"2005","population":2905943},{"state_abb":"MO","year":"2005","population":5790300},{"state_abb":"MT","year":"2005","population":940102},{"state_abb":"NE","year":"2005","population":1761497},{"state_abb":"NV","year":"2005","population":2432143},{"state_abb":"NH","year":"2005","population":1298492},{"state_abb":"NJ","year":"2005","population":8651974},{"state_abb":"NM","year":"2005","population":1932274},{"state_abb":"NY","year":"2005","population":19132610},{"state_abb":"NC","year":"2005","population":8705407},{"state_abb":"ND","year":"2005","population":646089},{"state_abb":"OH","year":"2005","population":11463320},{"state_abb":"OK","year":"2005","population":3548597},{"state_abb":"OR","year":"2005","population":3613202},{"state_abb":"PA","year":"2005","population":12449990},{"state_abb":"RI","year":"2005","population":1067916},{"state_abb":"SC","year":"2005","population":4270150},{"state_abb":"SD","year":"2005","population":775493},{"state_abb":"TN","year":"2005","population":5991057},{"state_abb":"TX","year":"2005","population":22778123},{"state_abb":"UT","year":"2005","population":2457719},{"state_abb":"VT","year":"2005","population":621215},{"state_abb":"VA","year":"2005","population":7577105},{"state_abb":"WA","year":"2005","population":6257305},{"state_abb":"WV","year":"2005","population":1820492},{"state_abb":"WI","year":"2005","population":5546166},{"state_abb":"WY","year":"2005","population":514157},{"state_abb":"AL","year":"2006","population":4628981},{"state_abb":"AK","year":"2006","population":675302},{"state_abb":"AZ","year":"2006","population":6029141},{"state_abb":"AR","year":"2006","population":2821761},{"state_abb":"CA","year":"2006","population":36021202},{"state_abb":"CO","year":"2006","population":4720423},{"state_abb":"CT","year":"2006","population":3517460},{"state_abb":"DE","year":"2006","population":859268},{"state_abb":"DC","year":"2006","population":570681},{"state_abb":"FL","year":"2006","population":18166990},{"state_abb":"GA","year":"2006","population":9155813},{"state_abb":"HI","year":"2006","population":1309731},{"state_abb":"ID","year":"2006","population":1468669},{"state_abb":"IL","year":"2006","population":12643955},{"state_abb":"IN","year":"2006","population":6332669},{"state_abb":"IA","year":"2006","population":2982644},{"state_abb":"KS","year":"2006","population":2762931},{"state_abb":"KY","year":"2006","population":4219239},{"state_abb":"LA","year":"2006","population":4302665},{"state_abb":"ME","year":"2006","population":1323619},{"state_abb":"MD","year":"2006","population":5627367},{"state_abb":"MA","year":"2006","population":6410084},{"state_abb":"MI","year":"2006","population":10036081},{"state_abb":"MN","year":"2006","population":5163555},{"state_abb":"MS","year":"2006","population":2904978},{"state_abb":"MO","year":"2006","population":5842704},{"state_abb":"MT","year":"2006","population":952692},{"state_abb":"NE","year":"2006","population":1772693},{"state_abb":"NV","year":"2006","population":2522658},{"state_abb":"NH","year":"2006","population":1308389},{"state_abb":"NJ","year":"2006","population":8661679},{"state_abb":"NM","year":"2006","population":1962137},{"state_abb":"NY","year":"2006","population":19104631},{"state_abb":"NC","year":"2006","population":8917270},{"state_abb":"ND","year":"2006","population":649422},{"state_abb":"OH","year":"2006","population":11481213},{"state_abb":"OK","year":"2006","population":3594090},{"state_abb":"OR","year":"2006","population":3670883},{"state_abb":"PA","year":"2006","population":12510809},{"state_abb":"RI","year":"2006","population":1063096},{"state_abb":"SC","year":"2006","population":4357847},{"state_abb":"SD","year":"2006","population":783033},{"state_abb":"TN","year":"2006","population":6088766},{"state_abb":"TX","year":"2006","population":23359580},{"state_abb":"UT","year":"2006","population":2525507},{"state_abb":"VT","year":"2006","population":622892},{"state_abb":"VA","year":"2006","population":7673725},{"state_abb":"WA","year":"2006","population":6370753},{"state_abb":"WV","year":"2006","population":1827912},{"state_abb":"WI","year":"2006","population":5577655},{"state_abb":"WY","year":"2006","population":522667},{"state_abb":"AL","year":"2007","population":4672840},{"state_abb":"AK","year":"2007","population":680300},{"state_abb":"AZ","year":"2007","population":6167681},{"state_abb":"AR","year":"2007","population":2848650},{"state_abb":"CA","year":"2007","population":36250311},{"state_abb":"CO","year":"2007","population":4803868},{"state_abb":"CT","year":"2007","population":3527270},{"state_abb":"DE","year":"2007","population":871749},{"state_abb":"DC","year":"2007","population":574404},{"state_abb":"FL","year":"2007","population":18367842},{"state_abb":"GA","year":"2007","population":9349988},{"state_abb":"HI","year":"2007","population":1315675},{"state_abb":"ID","year":"2007","population":1505105},{"state_abb":"IL","year":"2007","population":12695866},{"state_abb":"IN","year":"2007","population":6379599},{"state_abb":"IA","year":"2007","population":2999212},{"state_abb":"KS","year":"2007","population":2783785},{"state_abb":"KY","year":"2007","population":4256672},{"state_abb":"LA","year":"2007","population":4375581},{"state_abb":"ME","year":"2007","population":1327040},{"state_abb":"MD","year":"2007","population":5653408},{"state_abb":"MA","year":"2007","population":6431559},{"state_abb":"MI","year":"2007","population":10001284},{"state_abb":"MN","year":"2007","population":5207203},{"state_abb":"MS","year":"2007","population":2928350},{"state_abb":"MO","year":"2007","population":5887612},{"state_abb":"MT","year":"2007","population":964706},{"state_abb":"NE","year":"2007","population":1783440},{"state_abb":"NV","year":"2007","population":2601072},{"state_abb":"NH","year":"2007","population":1312540},{"state_abb":"NJ","year":"2007","population":8677885},{"state_abb":"NM","year":"2007","population":1990070},{"state_abb":"NY","year":"2007","population":19132335},{"state_abb":"NC","year":"2007","population":9118037},{"state_abb":"ND","year":"2007","population":652822},{"state_abb":"OH","year":"2007","population":11500468},{"state_abb":"OK","year":"2007","population":3634349},{"state_abb":"OR","year":"2007","population":3722417},{"state_abb":"PA","year":"2007","population":12563937},{"state_abb":"RI","year":"2007","population":1057315},{"state_abb":"SC","year":"2007","population":4444110},{"state_abb":"SD","year":"2007","population":791623},{"state_abb":"TN","year":"2007","population":6175727},{"state_abb":"TX","year":"2007","population":23831983},{"state_abb":"UT","year":"2007","population":2597746},{"state_abb":"VT","year":"2007","population":623481},{"state_abb":"VA","year":"2007","population":7751000},{"state_abb":"WA","year":"2007","population":6461587},{"state_abb":"WV","year":"2007","population":1834052},{"state_abb":"WI","year":"2007","population":5610775},{"state_abb":"WY","year":"2007","population":534876},{"state_abb":"AL","year":"2008","population":4718206},{"state_abb":"AK","year":"2008","population":687455},{"state_abb":"AZ","year":"2008","population":6280362},{"state_abb":"AR","year":"2008","population":2874554},{"state_abb":"CA","year":"2008","population":36604337},{"state_abb":"CO","year":"2008","population":4889730},{"state_abb":"CT","year":"2008","population":3545579},{"state_abb":"DE","year":"2008","population":883874},{"state_abb":"DC","year":"2008","population":580236},{"state_abb":"FL","year":"2008","population":18527305},{"state_abb":"GA","year":"2008","population":9504843},{"state_abb":"HI","year":"2008","population":1332213},{"state_abb":"ID","year":"2008","population":1534320},{"state_abb":"IL","year":"2008","population":12747038},{"state_abb":"IN","year":"2008","population":6424806},{"state_abb":"IA","year":"2008","population":3016734},{"state_abb":"KS","year":"2008","population":2808076},{"state_abb":"KY","year":"2008","population":4289878},{"state_abb":"LA","year":"2008","population":4435586},{"state_abb":"ME","year":"2008","population":1330509},{"state_abb":"MD","year":"2008","population":5684965},{"state_abb":"MA","year":"2008","population":6468967},{"state_abb":"MI","year":"2008","population":9946889},{"state_abb":"MN","year":"2008","population":5247018},{"state_abb":"MS","year":"2008","population":2947806},{"state_abb":"MO","year":"2008","population":5923916},{"state_abb":"MT","year":"2008","population":976415},{"state_abb":"NE","year":"2008","population":1796378},{"state_abb":"NV","year":"2008","population":2653630},{"state_abb":"NH","year":"2008","population":1315906},{"state_abb":"NJ","year":"2008","population":8711090},{"state_abb":"NM","year":"2008","population":2010662},{"state_abb":"NY","year":"2008","population":19212436},{"state_abb":"NC","year":"2008","population":9309449},{"state_abb":"ND","year":"2008","population":657569},{"state_abb":"OH","year":"2008","population":11515391},{"state_abb":"OK","year":"2008","population":3668976},{"state_abb":"OR","year":"2008","population":3768748},{"state_abb":"PA","year":"2008","population":12612285},{"state_abb":"RI","year":"2008","population":1055003},{"state_abb":"SC","year":"2008","population":4528996},{"state_abb":"SD","year":"2008","population":799124},{"state_abb":"TN","year":"2008","population":6247411},{"state_abb":"TX","year":"2008","population":24309039},{"state_abb":"UT","year":"2008","population":2663029},{"state_abb":"VT","year":"2008","population":624151},{"state_abb":"VA","year":"2008","population":7833496},{"state_abb":"WA","year":"2008","population":6562231},{"state_abb":"WV","year":"2008","population":1840310},{"state_abb":"WI","year":"2008","population":5640996},{"state_abb":"WY","year":"2008","population":546043},{"state_abb":"AL","year":"2009","population":4757938},{"state_abb":"AK","year":"2009","population":698895},{"state_abb":"AZ","year":"2009","population":6343154},{"state_abb":"AR","year":"2009","population":2896843},{"state_abb":"CA","year":"2009","population":36961229},{"state_abb":"CO","year":"2009","population":4972195},{"state_abb":"CT","year":"2009","population":3561807},{"state_abb":"DE","year":"2009","population":891730},{"state_abb":"DC","year":"2009","population":592228},{"state_abb":"FL","year":"2009","population":18652644},{"state_abb":"GA","year":"2009","population":9620846},{"state_abb":"HI","year":"2009","population":1346717},{"state_abb":"ID","year":"2009","population":1554439},{"state_abb":"IL","year":"2009","population":12796778},{"state_abb":"IN","year":"2009","population":6459325},{"state_abb":"IA","year":"2009","population":3032870},{"state_abb":"KS","year":"2009","population":2832704},{"state_abb":"KY","year":"2009","population":4317074},{"state_abb":"LA","year":"2009","population":4491648},{"state_abb":"ME","year":"2009","population":1329590},{"state_abb":"MD","year":"2009","population":5730388},{"state_abb":"MA","year":"2009","population":6517613},{"state_abb":"MI","year":"2009","population":9901591},{"state_abb":"MN","year":"2009","population":5281203},{"state_abb":"MS","year":"2009","population":2958774},{"state_abb":"MO","year":"2009","population":5961088},{"state_abb":"MT","year":"2009","population":983982},{"state_abb":"NE","year":"2009","population":1812683},{"state_abb":"NV","year":"2009","population":2684665},{"state_abb":"NH","year":"2009","population":1316102},{"state_abb":"NJ","year":"2009","population":8755602},{"state_abb":"NM","year":"2009","population":2036802},{"state_abb":"NY","year":"2009","population":19307066},{"state_abb":"NC","year":"2009","population":9449566},{"state_abb":"ND","year":"2009","population":664968},{"state_abb":"OH","year":"2009","population":11528896},{"state_abb":"OK","year":"2009","population":3717572},{"state_abb":"OR","year":"2009","population":3808600},{"state_abb":"PA","year":"2009","population":12666858},{"state_abb":"RI","year":"2009","population":1053646},{"state_abb":"SC","year":"2009","population":4589872},{"state_abb":"SD","year":"2009","population":807067},{"state_abb":"TN","year":"2009","population":6306019},{"state_abb":"TX","year":"2009","population":24801761},{"state_abb":"UT","year":"2009","population":2723421},{"state_abb":"VT","year":"2009","population":624817},{"state_abb":"VA","year":"2009","population":7925937},{"state_abb":"WA","year":"2009","population":6667426},{"state_abb":"WV","year":"2009","population":1847775},{"state_abb":"WI","year":"2009","population":5669264},{"state_abb":"WY","year":"2009","population":559851},{"state_abb":"AL","year":"2010","population":4785492},{"state_abb":"AK","year":"2010","population":714031},{"state_abb":"AZ","year":"2010","population":6408312},{"state_abb":"AR","year":"2010","population":2921995},{"state_abb":"CA","year":"2010","population":37332685},{"state_abb":"CO","year":"2010","population":5048644},{"state_abb":"CT","year":"2010","population":3579899},{"state_abb":"DE","year":"2010","population":899816},{"state_abb":"DC","year":"2010","population":605183},{"state_abb":"FL","year":"2010","population":18849098},{"state_abb":"GA","year":"2010","population":9713521},{"state_abb":"HI","year":"2010","population":1363945},{"state_abb":"ID","year":"2010","population":1571010},{"state_abb":"IL","year":"2010","population":12841578},{"state_abb":"IN","year":"2010","population":6490528},{"state_abb":"IA","year":"2010","population":3050738},{"state_abb":"KS","year":"2010","population":2858850},{"state_abb":"KY","year":"2010","population":4348662},{"state_abb":"LA","year":"2010","population":4544996},{"state_abb":"ME","year":"2010","population":1327730},{"state_abb":"MD","year":"2010","population":5788584},{"state_abb":"MA","year":"2010","population":6565524},{"state_abb":"MI","year":"2010","population":9877495},{"state_abb":"MN","year":"2010","population":5311147},{"state_abb":"MS","year":"2010","population":2970322},{"state_abb":"MO","year":"2010","population":5996118},{"state_abb":"MT","year":"2010","population":990641},{"state_abb":"NE","year":"2010","population":1830051},{"state_abb":"NV","year":"2010","population":2703284},{"state_abb":"NH","year":"2010","population":1316872},{"state_abb":"NJ","year":"2010","population":8803729},{"state_abb":"NM","year":"2010","population":2064756},{"state_abb":"NY","year":"2010","population":19402640},{"state_abb":"NC","year":"2010","population":9558915},{"state_abb":"ND","year":"2010","population":674526},{"state_abb":"OH","year":"2010","population":11540983},{"state_abb":"OK","year":"2010","population":3759603},{"state_abb":"OR","year":"2010","population":3838048},{"state_abb":"PA","year":"2010","population":12712343},{"state_abb":"RI","year":"2010","population":1053337},{"state_abb":"SC","year":"2010","population":4635943},{"state_abb":"SD","year":"2010","population":816325},{"state_abb":"TN","year":"2010","population":6356671},{"state_abb":"TX","year":"2010","population":25244310},{"state_abb":"UT","year":"2010","population":2775326},{"state_abb":"VT","year":"2010","population":625982},{"state_abb":"VA","year":"2010","population":8025773},{"state_abb":"WA","year":"2010","population":6743226},{"state_abb":"WV","year":"2010","population":1854230},{"state_abb":"WI","year":"2010","population":5690263},{"state_abb":"WY","year":"2010","population":564513},{"state_abb":"AL","year":"2011","population":4799918},{"state_abb":"AK","year":"2011","population":722713},{"state_abb":"AZ","year":"2011","population":6467163},{"state_abb":"AR","year":"2011","population":2939493},{"state_abb":"CA","year":"2011","population":37676861},{"state_abb":"CO","year":"2011","population":5118360},{"state_abb":"CT","year":"2011","population":3589893},{"state_abb":"DE","year":"2011","population":907924},{"state_abb":"DC","year":"2011","population":620477},{"state_abb":"FL","year":"2011","population":19096952},{"state_abb":"GA","year":"2011","population":9811610},{"state_abb":"HI","year":"2011","population":1377864},{"state_abb":"ID","year":"2011","population":1584143},{"state_abb":"IL","year":"2011","population":12860012},{"state_abb":"IN","year":"2011","population":6516480},{"state_abb":"IA","year":"2011","population":3065223},{"state_abb":"KS","year":"2011","population":2869503},{"state_abb":"KY","year":"2011","population":4369354},{"state_abb":"LA","year":"2011","population":4575404},{"state_abb":"ME","year":"2011","population":1328231},{"state_abb":"MD","year":"2011","population":5843603},{"state_abb":"MA","year":"2011","population":6611923},{"state_abb":"MI","year":"2011","population":9876213},{"state_abb":"MN","year":"2011","population":5348562},{"state_abb":"MS","year":"2011","population":2978162},{"state_abb":"MO","year":"2011","population":6010717},{"state_abb":"MT","year":"2011","population":997821},{"state_abb":"NE","year":"2011","population":1842283},{"state_abb":"NV","year":"2011","population":2718379},{"state_abb":"NH","year":"2011","population":1318473},{"state_abb":"NJ","year":"2011","population":8841243},{"state_abb":"NM","year":"2011","population":2077756},{"state_abb":"NY","year":"2011","population":19519529},{"state_abb":"NC","year":"2011","population":9650963},{"state_abb":"ND","year":"2011","population":685476},{"state_abb":"OH","year":"2011","population":11544824},{"state_abb":"OK","year":"2011","population":3786274},{"state_abb":"OR","year":"2011","population":3868031},{"state_abb":"PA","year":"2011","population":12744293},{"state_abb":"RI","year":"2011","population":1052451},{"state_abb":"SC","year":"2011","population":4672637},{"state_abb":"SD","year":"2011","population":824398},{"state_abb":"TN","year":"2011","population":6397634},{"state_abb":"TX","year":"2011","population":25646389},{"state_abb":"UT","year":"2011","population":2816124},{"state_abb":"VT","year":"2011","population":626730},{"state_abb":"VA","year":"2011","population":8110035},{"state_abb":"WA","year":"2011","population":6822520},{"state_abb":"WV","year":"2011","population":1854972},{"state_abb":"WI","year":"2011","population":5709640},{"state_abb":"WY","year":"2011","population":567725},{"state_abb":"AL","year":"2012","population":4815960},{"state_abb":"AK","year":"2012","population":731089},{"state_abb":"AZ","year":"2012","population":6549634},{"state_abb":"AR","year":"2012","population":2950685},{"state_abb":"CA","year":"2012","population":38011074},{"state_abb":"CO","year":"2012","population":5189867},{"state_abb":"CT","year":"2012","population":3593795},{"state_abb":"DE","year":"2012","population":916993},{"state_abb":"DC","year":"2012","population":635327},{"state_abb":"FL","year":"2012","population":19344156},{"state_abb":"GA","year":"2012","population":9914668},{"state_abb":"HI","year":"2012","population":1391820},{"state_abb":"ID","year":"2012","population":1595911},{"state_abb":"IL","year":"2012","population":12870798},{"state_abb":"IN","year":"2012","population":6537743},{"state_abb":"IA","year":"2012","population":3076310},{"state_abb":"KS","year":"2012","population":2885262},{"state_abb":"KY","year":"2012","population":4384799},{"state_abb":"LA","year":"2012","population":4603429},{"state_abb":"ME","year":"2012","population":1328895},{"state_abb":"MD","year":"2012","population":5889651},{"state_abb":"MA","year":"2012","population":6658008},{"state_abb":"MI","year":"2012","population":9887238},{"state_abb":"MN","year":"2012","population":5380285},{"state_abb":"MS","year":"2012","population":2984945},{"state_abb":"MO","year":"2012","population":6025415},{"state_abb":"MT","year":"2012","population":1005196},{"state_abb":"NE","year":"2012","population":1855725},{"state_abb":"NV","year":"2012","population":2752565},{"state_abb":"NH","year":"2012","population":1321182},{"state_abb":"NJ","year":"2012","population":8873211},{"state_abb":"NM","year":"2012","population":2083784},{"state_abb":"NY","year":"2012","population":19602769},{"state_abb":"NC","year":"2012","population":9746175},{"state_abb":"ND","year":"2012","population":702087},{"state_abb":"OH","year":"2012","population":11550839},{"state_abb":"OK","year":"2012","population":3817054},{"state_abb":"OR","year":"2012","population":3899116},{"state_abb":"PA","year":"2012","population":12771854},{"state_abb":"RI","year":"2012","population":1052901},{"state_abb":"SC","year":"2012","population":4720760},{"state_abb":"SD","year":"2012","population":834441},{"state_abb":"TN","year":"2012","population":6454306},{"state_abb":"TX","year":"2012","population":26071655},{"state_abb":"UT","year":"2012","population":2855782},{"state_abb":"VT","year":"2012","population":626444},{"state_abb":"VA","year":"2012","population":8192048},{"state_abb":"WA","year":"2012","population":6895226},{"state_abb":"WV","year":"2012","population":1856560},{"state_abb":"WI","year":"2012","population":5726177},{"state_abb":"WY","year":"2012","population":576765},{"state_abb":"AL","year":"2013","population":4829479},{"state_abb":"AK","year":"2013","population":736879},{"state_abb":"AZ","year":"2013","population":6624617},{"state_abb":"AR","year":"2013","population":2958663},{"state_abb":"CA","year":"2013","population":38335203},{"state_abb":"CO","year":"2013","population":5267603},{"state_abb":"CT","year":"2013","population":3596003},{"state_abb":"DE","year":"2013","population":925395},{"state_abb":"DC","year":"2013","population":649165},{"state_abb":"FL","year":"2013","population":19582022},{"state_abb":"GA","year":"2013","population":9984938},{"state_abb":"HI","year":"2013","population":1406481},{"state_abb":"ID","year":"2013","population":1612011},{"state_abb":"IL","year":"2013","population":12879505},{"state_abb":"IN","year":"2013","population":6569102},{"state_abb":"IA","year":"2013","population":3091930},{"state_abb":"KS","year":"2013","population":2892821},{"state_abb":"KY","year":"2013","population":4400477},{"state_abb":"LA","year":"2013","population":4626402},{"state_abb":"ME","year":"2013","population":1329076},{"state_abb":"MD","year":"2013","population":5931129},{"state_abb":"MA","year":"2013","population":6706786},{"state_abb":"MI","year":"2013","population":9898982},{"state_abb":"MN","year":"2013","population":5418521},{"state_abb":"MS","year":"2013","population":2990482},{"state_abb":"MO","year":"2013","population":6042711},{"state_abb":"MT","year":"2013","population":1014314},{"state_abb":"NE","year":"2013","population":1868559},{"state_abb":"NV","year":"2013","population":2786464},{"state_abb":"NH","year":"2013","population":1322687},{"state_abb":"NJ","year":"2013","population":8899162},{"state_abb":"NM","year":"2013","population":2085193},{"state_abb":"NY","year":"2013","population":19673546},{"state_abb":"NC","year":"2013","population":9841590},{"state_abb":"ND","year":"2013","population":724019},{"state_abb":"OH","year":"2013","population":11570022},{"state_abb":"OK","year":"2013","population":3852415},{"state_abb":"OR","year":"2013","population":3925751},{"state_abb":"PA","year":"2013","population":12781338},{"state_abb":"RI","year":"2013","population":1053033},{"state_abb":"SC","year":"2013","population":4767894},{"state_abb":"SD","year":"2013","population":844922},{"state_abb":"TN","year":"2013","population":6494821},{"state_abb":"TX","year":"2013","population":26473525},{"state_abb":"UT","year":"2013","population":2902663},{"state_abb":"VT","year":"2013","population":627140},{"state_abb":"VA","year":"2013","population":8262692},{"state_abb":"WA","year":"2013","population":6968006},{"state_abb":"WV","year":"2013","population":1853231},{"state_abb":"WI","year":"2013","population":5742854},{"state_abb":"WY","year":"2013","population":582684},{"state_abb":"AL","year":"2014","population":4843214},{"state_abb":"AK","year":"2014","population":736705},{"state_abb":"AZ","year":"2014","population":6719993},{"state_abb":"AR","year":"2014","population":2966912},{"state_abb":"CA","year":"2014","population":38680810},{"state_abb":"CO","year":"2014","population":5349648},{"state_abb":"CT","year":"2014","population":3591873},{"state_abb":"DE","year":"2014","population":934948},{"state_abb":"DC","year":"2014","population":659005},{"state_abb":"FL","year":"2014","population":19888741},{"state_abb":"GA","year":"2014","population":10087231},{"state_abb":"HI","year":"2014","population":1416349},{"state_abb":"ID","year":"2014","population":1633532},{"state_abb":"IL","year":"2014","population":12867544},{"state_abb":"IN","year":"2014","population":6595233},{"state_abb":"IA","year":"2014","population":3108030},{"state_abb":"KS","year":"2014","population":2899360},{"state_abb":"KY","year":"2014","population":4413057},{"state_abb":"LA","year":"2014","population":4647880},{"state_abb":"ME","year":"2014","population":1330719},{"state_abb":"MD","year":"2014","population":5967295},{"state_abb":"MA","year":"2014","population":6749911},{"state_abb":"MI","year":"2014","population":9915767},{"state_abb":"MN","year":"2014","population":5453109},{"state_abb":"MS","year":"2014","population":2992400},{"state_abb":"MO","year":"2014","population":6060930},{"state_abb":"MT","year":"2014","population":1022867},{"state_abb":"NE","year":"2014","population":1881145},{"state_abb":"NV","year":"2014","population":2833013},{"state_abb":"NH","year":"2014","population":1328743},{"state_abb":"NJ","year":"2014","population":8925001},{"state_abb":"NM","year":"2014","population":2083024},{"state_abb":"NY","year":"2014","population":19718515},{"state_abb":"NC","year":"2014","population":9934399},{"state_abb":"ND","year":"2014","population":739904},{"state_abb":"OH","year":"2014","population":11594408},{"state_abb":"OK","year":"2014","population":3877499},{"state_abb":"OR","year":"2014","population":3968371},{"state_abb":"PA","year":"2014","population":12790565},{"state_abb":"RI","year":"2014","population":1054480},{"state_abb":"SC","year":"2014","population":4828430},{"state_abb":"SD","year":"2014","population":852561},{"state_abb":"TN","year":"2014","population":6544663},{"state_abb":"TX","year":"2014","population":26944751},{"state_abb":"UT","year":"2014","population":2941836},{"state_abb":"VT","year":"2014","population":626984},{"state_abb":"VA","year":"2014","population":8317372},{"state_abb":"WA","year":"2014","population":7054196},{"state_abb":"WV","year":"2014","population":1848514},{"state_abb":"WI","year":"2014","population":5758377},{"state_abb":"WY","year":"2014","population":583642},{"state_abb":"AL","year":"2015","population":4853875},{"state_abb":"AK","year":"2015","population":737709},{"state_abb":"AZ","year":"2015","population":6817565},{"state_abb":"AR","year":"2015","population":2977853},{"state_abb":"CA","year":"2015","population":38993940},{"state_abb":"CO","year":"2015","population":5448819},{"state_abb":"CT","year":"2015","population":3584730},{"state_abb":"DE","year":"2015","population":944076},{"state_abb":"DC","year":"2015","population":670377},{"state_abb":"FL","year":"2015","population":20244914},{"state_abb":"GA","year":"2015","population":10199398},{"state_abb":"HI","year":"2015","population":1425157},{"state_abb":"ID","year":"2015","population":1652828},{"state_abb":"IL","year":"2015","population":12839047},{"state_abb":"IN","year":"2015","population":6612768},{"state_abb":"IA","year":"2015","population":3121997},{"state_abb":"KS","year":"2015","population":2906721},{"state_abb":"KY","year":"2015","population":4424611},{"state_abb":"LA","year":"2015","population":4668960},{"state_abb":"ME","year":"2015","population":1329453},{"state_abb":"MD","year":"2015","population":5994983},{"state_abb":"MA","year":"2015","population":6784240},{"state_abb":"MI","year":"2015","population":9917715},{"state_abb":"MN","year":"2015","population":5482435},{"state_abb":"MS","year":"2015","population":2989390},{"state_abb":"MO","year":"2015","population":6076204},{"state_abb":"MT","year":"2015","population":1032073},{"state_abb":"NE","year":"2015","population":1893765},{"state_abb":"NV","year":"2015","population":2883758},{"state_abb":"NH","year":"2015","population":1330111},{"state_abb":"NJ","year":"2015","population":8935421},{"state_abb":"NM","year":"2015","population":2080328},{"state_abb":"NY","year":"2015","population":19747183},{"state_abb":"NC","year":"2015","population":10035186},{"state_abb":"ND","year":"2015","population":756835},{"state_abb":"OH","year":"2015","population":11605090},{"state_abb":"OK","year":"2015","population":3907414},{"state_abb":"OR","year":"2015","population":4024634},{"state_abb":"PA","year":"2015","population":12791904},{"state_abb":"RI","year":"2015","population":1055607},{"state_abb":"SC","year":"2015","population":4894834},{"state_abb":"SD","year":"2015","population":857919},{"state_abb":"TN","year":"2015","population":6595056},{"state_abb":"TX","year":"2015","population":27429639},{"state_abb":"UT","year":"2015","population":2990632},{"state_abb":"VT","year":"2015","population":626088},{"state_abb":"VA","year":"2015","population":8367587},{"state_abb":"WA","year":"2015","population":7160290},{"state_abb":"WV","year":"2015","population":1841053},{"state_abb":"WI","year":"2015","population":5767891},{"state_abb":"WY","year":"2015","population":586555},{"state_abb":"AL","year":"2016","population":4863300},{"state_abb":"AK","year":"2016","population":741894},{"state_abb":"AZ","year":"2016","population":6931071},{"state_abb":"AR","year":"2016","population":2988248},{"state_abb":"CA","year":"2016","population":39250017},{"state_abb":"CO","year":"2016","population":5540545},{"state_abb":"CT","year":"2016","population":3576452},{"state_abb":"DE","year":"2016","population":952065},{"state_abb":"DC","year":"2016","population":681170},{"state_abb":"FL","year":"2016","population":20612439},{"state_abb":"GA","year":"2016","population":10310371},{"state_abb":"HI","year":"2016","population":1428557},{"state_abb":"ID","year":"2016","population":1683140},{"state_abb":"IL","year":"2016","population":12801539},{"state_abb":"IN","year":"2016","population":6633053},{"state_abb":"IA","year":"2016","population":3134693},{"state_abb":"KS","year":"2016","population":2907289},{"state_abb":"KY","year":"2016","population":4436974},{"state_abb":"LA","year":"2016","population":4681666},{"state_abb":"ME","year":"2016","population":1331479},{"state_abb":"MD","year":"2016","population":6016447},{"state_abb":"MA","year":"2016","population":6811779},{"state_abb":"MI","year":"2016","population":9928300},{"state_abb":"MN","year":"2016","population":5519952},{"state_abb":"MS","year":"2016","population":2988726},{"state_abb":"MO","year":"2016","population":6093000},{"state_abb":"MT","year":"2016","population":1042520},{"state_abb":"NE","year":"2016","population":1907116},{"state_abb":"NV","year":"2016","population":2940058},{"state_abb":"NH","year":"2016","population":1334795},{"state_abb":"NJ","year":"2016","population":8944469},{"state_abb":"NM","year":"2016","population":2081015},{"state_abb":"NY","year":"2016","population":19745289},{"state_abb":"NC","year":"2016","population":10146788},{"state_abb":"ND","year":"2016","population":757952},{"state_abb":"OH","year":"2016","population":11614373},{"state_abb":"OK","year":"2016","population":3923561},{"state_abb":"OR","year":"2016","population":4093465},{"state_abb":"PA","year":"2016","population":12784227},{"state_abb":"RI","year":"2016","population":1056426},{"state_abb":"SC","year":"2016","population":4961119},{"state_abb":"SD","year":"2016","population":865454},{"state_abb":"TN","year":"2016","population":6651194},{"state_abb":"TX","year":"2016","population":27862596},{"state_abb":"UT","year":"2016","population":3051217},{"state_abb":"VT","year":"2016","population":624594},{"state_abb":"VA","year":"2016","population":8411808},{"state_abb":"WA","year":"2016","population":7288000},{"state_abb":"WV","year":"2016","population":1831102},{"state_abb":"WI","year":"2016","population":5778708},{"state_abb":"WY","year":"2016","population":585501}]
